reporting_month,mean
1,56.471
2,65.0567
3,71.62793333
4,82.27903333
5,116.588
6,144.3453333
7,151.288
8,142.9236667
9,124.872
10,107.8176667
11,85.0342
12,59.72636667