Month,calculated_r_gpcd
1,37.824925
2,36.96685
3,35.725775
4,39.622
5,45.549375
6,48.756775
7,50.14665
8,47.991
9,47.983225
10,45.49215
11,39.393825
12,36.595425